epoch,plus,minus
5700,0,0
5720,0,0
5740,0,0
5760,0,0
5780,0,0
5800,0,0
5820,0,0
5840,0,0
5841,0,0
5842,0,0
5843,0,0
5844,0,0
5845,0,0
5846,0,0
5847,0,0
5848,0,0
5849,0,0
5850,0,0
5851,0,0
5852,0,0
5853,0,0
5854,0,0
5855,0,0
5856,0,0
5857,0,0
5858,1,0
5859,1,1
5860,1,1
5861,1,1
5862,1,1
5863,2,1
5864,3,2
5865,3,4
5866,5,6
5867,8,11
5868,10,13
5869,15,19
5870,23,24
5871,35,32
5872,44,42
5873,59,56
5874,77,75
5875,96,99
5876,124,127
5877,156,156
5878,195,200
5879,258,259
5880,322,330
5881,444,440
5882,578,561
5883,740,738
5884,967,970
5885,1263,1272
5886,1640,1653
5887,2096,2128
5888,2693,2722
5889,3507,3480
5890,4465,4408
5891,5597,5489
5892,6994,6910
5893,8785,8660
5894,10830,10711
5895,13392,13367
5896,16270,16221
5897,19433,19374
5898,22868,22885
5899,26344,26484
5900,29863,29946
5901,33156,33374
5902,36111,36326
5903,38716,39130
5904,41047,41395
5905,42961,43291
5906,44460,44719
5907,45736,46028
5908,46759,47093
5909,47370,47654
5910,47876,48163
5911,48361,48662
5912,48844,49060
5913,49077,49145
5914,49241,49319
5915,49355,49381
5916,49508,49672
5917,49626,49807
5918,49709,49870
5919,49773,49816
5920,49875,49968
5921,50002,50036
5922,49881,49974
5923,49951,50052
5924,50010,50039
5925,50102,50053
5926,50187,50113
5927,50193,50079
5928,50165,50141
5929,50349,50353
5930,50425,50516
5931,50373,50503
5932,50375,50549
5933,50535,50650
5934,50645,50713
5935,50547,50617
5936,50556,50606
5937,50492,50429
5938,50507,50364
5939,50446,50458
5940,50256,50234
5948,50079,50083
5956,49976,49972
5964,49592,49593
5972,49284,49288
5980,49223,49227
5988,49582,49554
5996,49580,49587
6004,49503,49550
6012,49408,49465
6020,49421,49441
6028,49039,49066
6036,48685,48749
6044,48394,48402
6052,48106,48082
6060,47707,47716
6068,47646,47639
6076,47449,47450
6084,47628,47637
6092,47384,47364
6100,47128,47145
6108,46948,47010
6116,46729,46755
6124,46578,46592
6132,46788,46746
6140,46573,46583
6148,45771,45791
6156,45537,45562
