epoch,h0,higher_entropy,brotli_size,ops_per_run
1,7.99998,-0.00017,8388763,62.60
17,7.99991,0.01372,8374121,64.33
33,7.99980,0.04190,8344464,66.71
49,7.99966,0.07173,8313037,68.48
65,7.99951,0.09278,8290804,70.81
81,7.99935,0.11230,8270166,72.45
97,7.99916,0.13124,8250108,74.31
113,7.99893,0.15143,8228697,75.79
129,7.99869,0.16818,8210879,76.64
145,7.99840,0.18422,8193769,78.15
161,7.99811,0.19882,8178154,78.84
177,7.99781,0.21210,8163903,80.35
193,7.99746,0.22420,8150847,81.18
209,7.99705,0.23683,8137179,82.87
225,7.99661,0.24966,8123258,82.87
241,7.99613,0.26143,8110422,84.95
257,7.99565,0.27253,8098278,84.88
273,7.99520,0.28118,8088737,84.24
289,7.99464,0.29120,8077635,83.90
305,7.99414,0.29829,8069685,84.73
321,7.99356,0.30536,8061658,86.01
337,7.99288,0.31289,8053062,86.73
353,7.99219,0.32001,8044861,88.28
369,7.99147,0.32529,8038576,88.50
385,7.99064,0.33062,8032115,88.62
401,7.98985,0.33846,8023068,88.82
417,7.98906,0.34291,8017568,89.78
433,7.98818,0.34716,8012186,90.52
449,7.98736,0.35348,8004700,90.29
465,7.98640,0.35791,7999059,91.93
481,7.98560,0.36112,7994844,91.61
497,7.98471,0.36282,7992125,92.19
513,7.98377,0.36559,7988242,93.18
529,7.98285,0.36647,7986349,93.32
545,7.98192,0.36649,7985358,94.12
561,7.98085,0.36670,7984020,94.32
577,7.97983,0.36955,7979953,94.15
593,7.97878,0.37166,7976647,94.17
609,7.97752,0.37509,7971732,94.43
625,7.97632,0.37588,7969641,96.23
641,7.97521,0.37734,7966939,96.66
657,7.97425,0.37604,7967300,96.98
673,7.97312,0.37543,7966755,96.30
689,7.97167,0.37606,7964580,97.20
705,7.97024,0.37663,7962481,98.32
721,7.96901,0.37728,7960509,98.95
737,7.96792,0.37916,7957392,99.36
753,7.96668,0.37876,7956508,99.55
769,7.96542,0.37863,7955324,100.10
785,7.96395,0.37693,7955565,99.79
801,7.96254,0.37780,7953183,100.74
817,7.96112,0.37845,7951005,100.83
833,7.95978,0.37682,7951305,101.58
849,7.95840,0.37505,7951721,101.69
865,7.95704,0.37358,7951838,102.79
881,7.95531,0.37168,7952017,103.45
897,7.95344,0.37053,7951252,103.17
913,7.95166,0.36984,7950113,105.15
929,7.94985,0.36843,7949698,105.77
945,7.94796,0.36832,7947835,106.85
961,7.94611,0.36643,7947871,107.62
977,7.94447,0.36442,7948258,108.89
993,7.94311,0.36300,7948315,108.71
1009,7.94173,0.36301,7946869,108.33
1025,7.94042,0.36185,7946708,108.88
1041,7.93876,0.36325,7943499,109.66
1057,7.93686,0.36056,7944330,109.08
1073,7.93503,0.35972,7943280,109.43
1089,7.93329,0.35726,7944046,110.73
1105,7.93151,0.35515,7944396,111.01
1121,7.92966,0.35449,7943146,111.74
1137,7.92773,0.35139,7944377,113.18
1153,7.92607,0.35160,7942403,112.80
1169,7.92450,0.35021,7942216,112.92
1185,7.92285,0.34757,7943262,114.14
1201,7.92131,0.34604,7943243,113.78
1217,7.91950,0.34430,7943181,115.07
1233,7.91761,0.34480,7940675,115.12
1249,7.91562,0.34432,7939077,115.70
1265,7.91393,0.34158,7940189,117.21
1281,7.91209,0.34142,7938420,117.42
1297,7.91024,0.33737,7940733,119.04
1313,7.90821,0.33596,7940078,119.71
1329,7.90599,0.33376,7940060,120.50
1345,7.90387,0.33193,7939760,121.07
1361,7.90196,0.32939,7940413,122.35
1377,7.90008,0.32708,7940862,123.67
1393,7.89802,0.32601,7939828,123.89
1409,7.89616,0.32552,7938398,124.17
1425,7.89444,0.32327,7938951,125.45
1441,7.89284,0.32339,7937146,125.40
1457,7.89117,0.32028,7938645,126.30
1473,7.88902,0.31734,7939491,127.60
1489,7.88724,0.31615,7938868,128.11
1505,7.88545,0.31606,7937072,129.34
1521,7.88320,0.31517,7935654,131.31
1537,7.88109,0.31367,7935018,132.32
1553,7.87881,0.31186,7934530,133.76
1569,7.87648,0.31232,7931598,133.91
1585,7.87387,0.30976,7931537,134.80
1601,7.87130,0.30850,7930177,135.54
1617,7.86884,0.30760,7928533,136.96
1633,7.86611,0.30523,7928157,138.75
1649,7.86404,0.30290,7928424,139.78
1665,7.86158,0.30309,7925648,140.20
1681,7.85897,0.30067,7925454,139.86
1697,7.85660,0.29874,7924991,140.32
1713,7.85351,0.29742,7923135,141.32
1729,7.85121,0.29855,7919538,142.90
1745,7.84894,0.29715,7918630,143.79
1761,7.84688,0.29574,7917940,145.38
1777,7.84454,0.29519,7916066,146.28
1793,7.84237,0.29214,7916985,147.54
1809,7.84057,0.29026,7917078,148.45
1825,7.83876,0.28767,7917888,148.74
1841,7.83600,0.28487,7917931,150.49
1857,7.83418,0.28395,7916994,151.89
1873,7.83203,0.28246,7916295,151.91
1889,7.83038,0.28021,7916926,153.44
1905,7.82841,0.27895,7916184,154.89
1921,7.82687,0.27842,7915124,155.33
1937,7.82408,0.27800,7912634,156.57
1953,7.82180,0.27623,7912108,156.87
1969,7.81945,0.27632,7909543,157.47
1985,7.81774,0.27468,7909471,157.01
2001,7.81540,0.27351,7908244,157.49
2017,7.81308,0.27159,7907820,157.37
2033,7.81093,0.27196,7905183,157.79
2049,7.80869,0.26813,7906857,158.34
2065,7.80654,0.26471,7908176,159.77
2081,7.80423,0.26126,7909376,160.91
2097,7.80217,0.25865,7909957,162.52
2113,7.79971,0.25733,7908753,164.08
2129,7.79629,0.25420,7908460,165.65
2145,7.79365,0.25175,7908252,166.32
2161,7.79165,0.24927,7908749,167.24
2177,7.78958,0.24716,7908797,167.48
2193,7.78782,0.24544,7908756,169.54
2209,7.78607,0.24598,7906353,170.85
2225,7.78386,0.24498,7905084,172.34
2241,7.78210,0.24475,7903481,174.14
2257,7.78050,0.24285,7903807,175.06
2273,7.77958,0.24266,7903026,175.87
2289,7.77857,0.24051,7904226,176.30
2305,7.77672,0.24115,7901613,177.32
2321,7.77470,0.23903,7901719,177.78
2337,7.77340,0.23641,7903101,178.41
2353,7.77128,0.23433,7903072,178.87
2369,7.76952,0.23246,7903174,181.33
2385,7.76759,0.23204,7901605,183.10
2401,7.76580,0.23246,7899286,184.42
2417,7.76362,0.23252,7896935,185.83
2433,7.76217,0.23238,7895554,187.05
2449,7.76065,0.22964,7896840,187.40
2465,7.75970,0.22909,7896419,189.32
2481,7.75808,0.22616,7897788,189.46
2497,7.75677,0.22423,7898441,189.33
2513,7.75546,0.22377,7897559,190.98
2529,7.75352,0.22181,7897567,191.26
2545,7.75177,0.22215,7895374,191.76
2561,7.74904,0.22258,7892068,191.37
2577,7.74711,0.22440,7888132,192.37
2593,7.74549,0.22067,7890349,192.71
2609,7.74353,0.22001,7888983,192.99
2625,7.74129,0.21827,7888455,193.63
2641,7.73915,0.21794,7886568,195.41
2657,7.73674,0.21786,7884116,195.83
2673,7.73500,0.21833,7881804,196.91
2689,7.73419,0.21690,7882445,197.58
2705,7.73309,0.21386,7884490,198.78
2721,7.73106,0.21142,7884920,199.06
2737,7.72951,0.20963,7885161,199.59
2753,7.72788,0.20813,7885024,199.86
2769,7.72650,0.20622,7885592,200.45
2785,7.72542,0.20375,7887034,200.43
2801,7.72375,0.20036,7888839,200.31
2817,7.72208,0.19984,7887642,201.13
2833,7.72046,0.19856,7887282,201.11
2849,7.71820,0.19692,7886643,201.62
2865,7.71654,0.19606,7885796,203.31
2881,7.71518,0.19493,7885560,203.48
2897,7.71351,0.19145,7887451,203.10
2913,7.71158,0.19062,7886294,203.58
2929,7.70980,0.18917,7885960,203.99
2945,7.70786,0.18699,7886201,204.09
2961,7.70643,0.18588,7885875,204.56
2977,7.70522,0.18557,7884931,205.76
2993,7.70383,0.18228,7886918,205.85
3009,7.70237,0.18034,7887417,206.62
3025,7.70091,0.17809,7888249,207.00
3041,7.69946,0.17647,7888428,207.19
3057,7.69852,0.17443,7889578,206.99
3073,7.69711,0.17323,7889355,207.37
3089,7.69566,0.17156,7889591,208.51
3105,7.69429,0.17022,7889560,209.49
3121,7.69341,0.16845,7890495,210.00
3137,7.69295,0.16827,7890203,213.07
3153,7.69216,0.16672,7890993,213.43
3169,7.69060,0.16708,7888982,213.85
3185,7.68887,0.16573,7888590,214.74
3201,7.68773,0.16293,7890320,215.10
3217,7.68616,0.16174,7889934,216.60
3233,7.68544,0.16030,7890685,215.35
3249,7.68357,0.15867,7890431,215.93
3265,7.68259,0.15944,7888602,215.43
3281,7.68189,0.15856,7888779,217.05
3297,7.68052,0.15715,7888835,218.22
3313,7.67870,0.15675,7887334,217.74
3329,7.67717,0.15371,7888921,219.07
3345,7.67589,0.15351,7887790,219.44
3361,7.67508,0.15251,7887981,219.32
3377,7.67340,0.15230,7886441,220.22
3393,7.67301,0.15063,7887790,222.27
3409,7.67237,0.14984,7887944,222.96
3425,7.67143,0.14834,7888532,224.09
3441,7.67112,0.14658,7890057,222.58
3457,7.67043,0.14405,7891976,222.21
3473,7.66983,0.14396,7891446,222.63
3489,7.66949,0.14265,7892469,221.84
3505,7.66852,0.14097,7893208,223.00
3521,7.66830,0.14101,7892937,223.97
3537,7.66753,0.13951,7893694,223.77
3553,7.66697,0.13947,7893158,222.52
3569,7.66579,0.13866,7892773,222.36
3585,7.66471,0.13645,7893957,222.48
3601,7.66336,0.13500,7894061,222.85
3617,7.66222,0.13315,7894806,223.27
3633,7.66047,0.13051,7895740,223.50
3649,7.65965,0.13085,7894514,223.62
3665,7.65908,0.12849,7896392,223.58
3681,7.65865,0.12733,7897164,224.64
3697,7.65714,0.12737,7895529,223.98
3713,7.65627,0.12445,7897683,224.96
3729,7.65504,0.12348,7897418,225.48
3745,7.65499,0.12306,7897797,226.51
3761,7.65412,0.12262,7897351,227.85
3777,7.65336,0.12369,7895434,228.50
3793,7.65263,0.12198,7896459,228.31
3809,7.65190,0.12097,7896755,228.22
3825,7.65075,0.11905,7897564,227.90
3841,7.64959,0.11792,7897530,228.25
3857,7.64886,0.11722,7897492,228.97
3873,7.64811,0.11620,7897782,229.38
3889,7.64763,0.11648,7896989,230.05
3905,7.64746,0.11569,7897633,231.04
3921,7.64666,0.11676,7895675,231.10
3937,7.64576,0.11425,7897359,230.82
3953,7.64454,0.11464,7895673,231.27
3969,7.64348,0.11316,7896108,232.96
3985,7.64273,0.11385,7894602,232.66
4001,7.64193,0.11280,7894864,231.89
4017,7.64176,0.11267,7894816,233.20
4033,7.64202,0.11196,7895845,233.52
4049,7.64116,0.11241,7894470,234.28
4065,7.63938,0.11337,7891598,233.77
4081,7.63884,0.11296,7891452,234.01
4097,7.63735,0.11276,7890106,234.60
4113,7.63682,0.11271,7889603,235.04
4129,7.63681,0.11325,7889027,235.89
4145,7.63580,0.11202,7889256,236.22
4161,7.63414,0.11150,7888059,236.69
4177,7.63376,0.11064,7888568,236.26
4193,7.63291,0.11025,7888072,236.51
4209,7.63228,0.10974,7887957,235.47
4225,7.63097,0.11108,7885172,236.06
4241,7.63025,0.11127,7884229,235.55
4257,7.62944,0.11105,7883596,235.69
4273,7.62812,0.11159,7881651,237.59
4289,7.62697,0.11244,7879555,237.08
4305,7.62611,0.11126,7879897,238.94
4321,7.62544,0.11321,7877150,237.55
4337,7.62454,0.11171,7877778,237.11
4353,7.62377,0.11211,7876546,237.86
4369,7.62301,0.11056,7877372,238.10
4385,7.62290,0.11022,7877618,238.12
4401,7.62224,0.11032,7876812,238.72
4417,7.62122,0.11007,7876007,239.99
4433,7.62063,0.10917,7876333,241.08
4449,7.61965,0.10827,7876251,240.05
4465,7.61857,0.10757,7875857,239.44
4481,7.61750,0.10642,7875944,239.38
4497,7.61615,0.10638,7874562,239.41
4513,7.61558,0.10652,7873818,238.93
4529,7.61474,0.10670,7872752,240.49
4545,7.61435,0.10589,7873192,240.28
4561,7.61404,0.10755,7871121,241.68
4577,7.61317,0.10744,7870325,241.88
4593,7.61271,0.10726,7870031,241.72
4609,7.61156,0.10768,7868382,242.07
4625,7.61014,0.10821,7866338,242.83
4641,7.60839,0.10831,7864403,243.49
4657,7.60709,0.10559,7865894,244.32
4673,7.60623,0.10562,7864964,245.22
4689,7.60501,0.10531,7864006,245.63
4705,7.60464,0.10541,7863507,247.12
4721,7.60452,0.10604,7862733,246.73
4737,7.60380,0.10602,7861988,245.89
4753,7.60325,0.10634,7861077,246.31
4769,7.60334,0.10749,7859970,246.89
4785,7.60274,0.10672,7860149,247.24
4801,7.60252,0.10761,7858978,248.55
4817,7.60172,0.10677,7859033,248.92
4833,7.60018,0.10678,7857393,249.11
4849,7.59934,0.10632,7856997,249.64
4865,7.59917,0.10532,7857869,249.70
4881,7.59914,0.10375,7859478,248.52
4897,7.59872,0.10604,7856646,248.32
4913,7.59782,0.10678,7854924,248.99
4929,7.59614,0.10851,7851352,248.74
4945,7.59531,0.10842,7850578,249.03
4961,7.59426,0.10931,7848548,250.08
4977,7.59308,0.11020,7846365,250.63
4993,7.59202,0.10878,7846745,251.87
5009,7.59165,0.10925,7845856,251.72
5025,7.59095,0.11029,7844038,252.28
5041,7.59035,0.10976,7843971,253.41
5057,7.58971,0.11032,7842706,254.33
5073,7.58899,0.11050,7841763,254.68
5089,7.58885,0.11106,7841031,254.95
5105,7.58764,0.11051,7840340,254.17
5121,7.58683,0.10830,7841804,253.49
5137,7.58662,0.10869,7841175,254.63
5153,7.58618,0.10831,7841108,254.90
5169,7.58590,0.10790,7841256,254.05
5185,7.58489,0.10922,7838807,253.86
5201,7.58348,0.10742,7839217,255.69
5217,7.58301,0.10726,7838901,256.62
5233,7.58333,0.10707,7839419,257.62
5249,7.58245,0.10565,7839992,257.84
5265,7.58093,0.10639,7837626,258.18
5281,7.57978,0.10573,7837110,258.70
5297,7.57815,0.10467,7836517,258.06
5313,7.57778,0.10680,7833894,258.36
5329,7.57733,0.10615,7834098,258.92
5345,7.57662,0.10586,7833656,259.31
5361,7.57608,0.10510,7833889,259.68
5377,7.57545,0.10567,7832634,259.81
5393,7.57510,0.10582,7832109,260.02
5409,7.57454,0.10622,7831102,259.72
5425,7.57253,0.10810,7827016,258.47
5441,7.57152,0.10721,7826895,258.34
5457,7.57045,0.10757,7825402,258.19
5473,7.56984,0.10781,7824502,258.89
5489,7.56905,0.10701,7824518,258.05
5505,7.56887,0.10868,7822577,259.70
5521,7.56818,0.10791,7822664,260.90
5537,7.56747,0.10714,7822720,260.12
5553,7.56636,0.10684,7821867,260.09
5569,7.56565,0.10804,7819876,259.93
5585,7.56411,0.10819,7818100,260.55
5601,7.56279,0.10705,7817906,260.46
5617,7.56198,0.10891,7815109,260.16
5633,7.56273,0.10763,7817236,260.55
5649,7.56267,0.10786,7816930,260.89
5665,7.56189,0.10687,7817153,260.39
5681,7.56082,0.10762,7815245,260.19
5697,7.56053,0.10667,7815937,260.28
5713,7.56044,0.10843,7813990,260.83
5729,7.55981,0.10754,7814265,260.78
5745,7.55941,0.10668,7814757,260.54
5761,7.55805,0.10777,7812183,260.85
5777,7.55814,0.10621,7813915,260.41
5793,7.55820,0.10663,7813532,260.08
5809,7.55715,0.10688,7812172,261.91
5825,7.55662,0.10736,7811121,262.55
5841,7.55720,0.10730,7811793,262.94
5857,7.55715,0.10828,7810705,263.26
5873,7.55684,0.10753,7811165,263.45
5889,7.55586,0.10689,7810808,262.81
5905,7.55530,0.10821,7808837,263.28
5921,7.55467,0.10742,7809010,262.81
5937,7.55360,0.10825,7807018,261.99
5953,7.55210,0.10903,7804617,262.26
5969,7.55114,0.10913,7803510,261.48
5985,7.55045,0.10894,7802984,262.23
6001,7.54946,0.10778,7803172,261.00
6017,7.54849,0.10823,7801678,263.38
6033,7.54808,0.10971,7799695,264.10
6049,7.54741,0.11003,7798665,262.96
6065,7.54723,0.10899,7799561,264.62
6081,7.54742,0.10841,7800362,265.03
6097,7.54728,0.10837,7800260,263.61
6113,7.54755,0.10509,7803986,264.77
6129,7.54767,0.10672,7802404,264.87
6145,7.54720,0.10651,7802133,264.39
6161,7.54725,0.10485,7803922,265.64
6177,7.54689,0.10377,7804677,264.37
6193,7.54673,0.10326,7805044,264.67
6209,7.54666,0.10324,7804985,264.73
6225,7.54620,0.10282,7804944,265.53
6241,7.54555,0.10357,7803486,266.10
6257,7.54573,0.10155,7805789,266.53
6273,7.54561,0.10077,7806475,266.42
6289,7.54554,0.10000,7807219,266.64
6305,7.54513,0.10165,7805060,266.20
6321,7.54488,0.10098,7805488,266.60
6337,7.54427,0.10151,7804300,267.35
6353,7.54427,0.10088,7804955,268.11
6369,7.54372,0.10109,7804168,268.51
6385,7.54369,0.10184,7803349,270.27
6401,7.54394,0.10019,7805340,271.03
6417,7.54377,0.10126,7804037,269.34
6433,7.54413,0.10195,7803691,268.59
6449,7.54481,0.10110,7805289,267.62
6465,7.54438,0.10221,7803679,267.56
6481,7.54344,0.10237,7802531,266.97
6497,7.54310,0.10060,7804023,267.38
6513,7.54347,0.09977,7805290,267.44
6529,7.54304,0.09754,7807173,266.39
6545,7.54258,0.09693,7807337,266.10
6561,7.54237,0.09732,7806700,265.79
6577,7.54208,0.09663,7807121,266.75
6593,7.54182,0.09598,7807529,265.60
6609,7.54201,0.09585,7807866,266.50
6625,7.54135,0.09745,7805490,265.58
6641,7.54074,0.09731,7805006,266.72
6657,7.54072,0.09740,7804882,267.03
6673,7.53999,0.09688,7804660,267.27
6689,7.54022,0.09771,7804035,266.55
6705,7.53905,0.09740,7803134,266.52
6721,7.53807,0.09586,7803724,266.71
6737,7.53776,0.09689,7802316,267.17
6753,7.53760,0.09765,7801346,266.82
6769,7.53641,0.09601,7801831,267.09
6785,7.53613,0.09452,7803102,267.65
6801,7.53578,0.09332,7803992,267.81
6817,7.53575,0.09348,7803781,267.48
6833,7.53546,0.09446,7802451,267.76
6849,7.53564,0.09498,7802097,268.47
6865,7.53576,0.09326,7804023,268.71
6881,7.53650,0.09377,7804267,269.67
6897,7.53663,0.09612,7801934,269.53
6913,7.53568,0.09627,7800789,268.23
6929,7.53450,0.09646,7799357,267.53
6945,7.53462,0.09729,7798602,266.93
6961,7.53425,0.09755,7797950,266.98
6977,7.53400,0.09807,7797134,266.10
6993,7.53350,0.09776,7796932,266.30
7009,7.53294,0.09900,7795051,266.20
7025,7.53270,0.09936,7794423,266.91
7041,7.53168,0.09770,7795094,266.61
7057,7.53098,0.09755,7794512,266.24
7073,7.53119,0.09824,7794019,266.41
7089,7.53176,0.09791,7794952,266.64
7105,7.53261,0.09971,7793960,266.78
7121,7.53292,0.10097,7792962,266.58
7137,7.53268,0.10136,7792302,266.82
7153,7.53167,0.10157,7791029,266.28
7169,7.53175,0.10238,7790259,265.83
7185,7.53112,0.10403,7787877,266.18
7201,7.53131,0.10362,7788498,264.93
7217,7.53042,0.10515,7785963,265.51
7233,7.52954,0.10434,7785890,264.72
7249,7.52949,0.10416,7786028,264.24
7265,7.52966,0.10527,7785041,263.65
7281,7.52932,0.10649,7783404,263.83
7297,7.52879,0.10575,7783623,263.91
7313,7.52835,0.10611,7782784,263.90
7329,7.52816,0.10704,7781608,264.60
7345,7.52810,0.10733,7781238,263.77
7361,7.52801,0.10832,7780117,263.93
7377,7.52761,0.10862,7779376,265.20
7393,7.52669,0.10874,7778292,265.89
7409,7.52567,0.10795,7778039,266.98
7425,7.52523,0.10861,7776895,266.85
7441,7.52640,0.10801,7778754,266.71
7457,7.52714,0.10753,7780025,266.25
7473,7.52640,0.10637,7780461,266.14
7489,7.52627,0.10665,7780027,267.43
7505,7.52540,0.10494,7780918,267.38
7521,7.52398,0.10653,7777760,266.85
7537,7.52334,0.10520,7778480,266.71
7553,7.52298,0.10615,7777108,266.35
7569,7.52223,0.10483,7777717,267.47
7585,7.52183,0.10524,7776852,265.98
7601,7.52207,0.10676,7775514,265.91
7617,7.52143,0.10581,7775831,266.69
7633,7.52098,0.10607,7775093,266.08
7649,7.52043,0.10569,7774921,266.50
7665,7.52007,0.10655,7773642,265.56
7681,7.52005,0.10643,7773739,265.91
7697,7.52037,0.10642,7774088,266.34
7713,7.51958,0.10705,7772603,264.26
7729,7.51926,0.10845,7770797,262.69
7745,7.51967,0.10953,7770101,262.64
7761,7.52029,0.10895,7771353,262.83
7777,7.52117,0.10869,7772549,262.51
7793,7.52213,0.10893,7773304,261.83
7809,7.52169,0.10988,7771850,260.45
7825,7.52237,0.10861,7773896,260.05
7841,7.52320,0.10830,7775089,260.47
7857,7.52360,0.10873,7775049,261.75
7873,7.52331,0.10761,7775932,262.05
7889,7.52292,0.10885,7774221,260.68
7905,7.52323,0.10797,7775463,261.27
7921,7.52361,0.10940,7774364,259.59
7937,7.52372,0.10806,7775880,258.97
7953,7.52427,0.10814,7776378,258.41
7969,7.52429,0.10866,7775846,257.90
7985,7.52367,0.10717,7776763,257.93
8001,7.52433,0.10543,7779277,258.04
8017,7.52437,0.10558,7779172,256.91
8033,7.52428,0.10706,7777514,257.09
8049,7.52438,0.10619,7778532,256.79
8065,7.52450,0.10773,7777041,256.91
8081,7.52488,0.10722,7777977,255.40
8097,7.52498,0.10690,7778419,256.16
8113,7.52525,0.10726,7778320,255.74
8129,7.52420,0.10726,7777227,255.25
8145,7.52409,0.10619,7778223,257.20
8161,7.52433,0.10735,7777268,257.22
8177,7.52342,0.10558,7778166,256.39
8193,7.52271,0.10555,7777454,256.03
8209,7.52152,0.10499,7776794,256.38
8225,7.52026,0.10459,7775903,256.61
8241,7.52106,0.10378,7777584,256.65
8257,7.52159,0.10224,7779759,256.47
8273,7.52110,0.10364,7777773,257.10
8289,7.52174,0.10291,7779209,257.35
8305,7.52176,0.10221,7779966,256.79
8321,7.52118,0.10269,7778854,256.62
8337,7.51975,0.09986,7780321,257.07
8353,7.51957,0.10010,7779873,257.15
8369,7.51945,0.09764,7782339,256.66
8385,7.51853,0.09860,7780361,256.13
8401,7.51858,0.09909,7779899,256.49
8417,7.51842,0.10008,7778693,255.89
8433,7.51789,0.10087,7777313,255.92
8449,7.51803,0.10072,7777614,255.62
8465,7.51778,0.10115,7776895,256.60
8481,7.51710,0.10239,7774888,256.38
8497,7.51750,0.10060,7777184,256.97
8513,7.51699,0.10124,7775979,255.61
8529,7.51684,0.10134,7775719,256.60
8545,7.51786,0.10209,7775996,255.70
8561,7.51756,0.10122,7776602,257.04
8577,7.51795,0.09988,7778404,257.49
8593,7.51876,0.10002,7779111,257.87
8609,7.51857,0.10005,7778887,257.60
8625,7.51838,0.10080,7777894,256.30
8641,7.51890,0.10105,7778183,256.81
8657,7.51945,0.10250,7777234,255.39
8673,7.51963,0.10321,7776674,255.40
8689,7.51911,0.10159,7777836,254.34
8705,7.51856,0.10043,7778479,254.29
8721,7.51779,0.10029,7777804,253.86
8737,7.51827,0.10028,7778329,253.96
8753,7.51845,0.10232,7776370,254.11
8769,7.51980,0.10083,7779357,253.28
8785,7.51977,0.10281,7777243,253.84
8801,7.51940,0.10360,7776026,253.57
8817,7.51972,0.10536,7774521,253.99
8833,7.52005,0.10566,7774544,253.51
8849,7.51967,0.10485,7775003,253.42
8865,7.51862,0.10568,7773026,252.73
8881,7.51805,0.10577,7772334,252.26
8897,7.51733,0.10585,7771501,252.00
8913,7.51721,0.10525,7772007,251.72
8929,7.51772,0.10585,7771904,251.87
8945,7.51793,0.10793,7769953,252.42
8961,7.51819,0.10623,7772003,252.97
8977,7.51865,0.10797,7770660,253.75
8993,7.51938,0.10716,7772279,253.75
9009,7.51926,0.10770,7771590,252.72
9025,7.51799,0.10751,7770450,252.14
9041,7.51798,0.10645,7771554,251.88
9057,7.51876,0.10776,7771001,250.35
9073,7.51805,0.10717,7770878,251.38
9089,7.51785,0.10715,7770683,251.18
9105,7.51732,0.10621,7771107,250.31
9121,7.51724,0.10780,7769357,249.58
9137,7.51783,0.10572,7772167,248.70
9153,7.51793,0.10511,7772906,247.90
9169,7.51728,0.10469,7772656,248.03
9185,7.51833,0.10643,7771942,248.62
9201,7.51740,0.10568,7771751,247.59
9217,7.51708,0.10472,7772420,247.84
9233,7.51708,0.10563,7771469,246.34
9249,7.51567,0.10270,7773061,245.74
9265,7.51596,0.10281,7773252,245.80
9281,7.51454,0.10221,7772392,245.59
9297,7.51466,0.10233,7772390,245.71
9313,7.51390,0.10204,7771902,245.83
9329,7.51350,0.10134,7772211,244.43
9345,7.51450,0.10102,7773588,244.25
9361,7.51430,0.10318,7771122,244.36
9377,7.51433,0.10163,7772775,244.19
9393,7.51390,0.10207,7771860,244.11
9409,7.51433,0.10309,7771243,244.71
9425,7.51444,0.10183,7772686,244.72
9441,7.51495,0.10211,7772927,244.40
9457,7.51527,0.10372,7771566,244.92
9473,7.51493,0.10300,7771974,244.38
9489,7.51465,0.10395,7770684,244.29
9505,7.51452,0.10315,7771380,243.91
9521,7.51449,0.10320,7771295,244.91
9537,7.51407,0.10504,7768934,244.67
9553,7.51446,0.10439,7770026,245.28
9569,7.51520,0.10443,7770756,245.93
9585,7.51692,0.10506,7771897,245.75
9601,7.51763,0.10512,7772577,245.57
9617,7.51722,0.10405,7773265,246.25
9633,7.51663,0.10539,7771252,246.00
9649,7.51665,0.10718,7769393,244.96
9665,7.51726,0.10699,7770238,244.43
9681,7.51773,0.10689,7770831,244.18
9697,7.51847,0.10733,7771148,244.35
9713,7.51843,0.10679,7771664,244.21
9729,7.51827,0.10753,7770732,243.00
9745,7.51887,0.10555,7773428,243.07
9761,7.51918,0.10603,7773246,242.35
9777,7.52000,0.10852,7771497,242.63
9793,7.52083,0.10906,7771805,243.07
9809,7.52108,0.11241,7768555,242.39
9825,7.52135,0.11394,7767233,242.25
9841,7.52116,0.11615,7764718,242.26
9857,7.52113,0.11741,7763363,241.52
9873,7.52045,0.11845,7761563,240.51
9889,7.52063,0.11787,7762361,241.07
9905,7.52023,0.11859,7761182,241.17
9921,7.52143,0.11975,7761218,240.71
9937,7.52086,0.12094,7759378,241.00
9953,7.52086,0.12177,7758506,241.16
9969,7.52133,0.12266,7758064,241.52
9985,7.52031,0.12396,7755635,242.48
10001,7.52069,0.12528,7754644,243.28
10017,7.52140,0.12422,7756496,242.48
10033,7.52165,0.12260,7758472,242.65
10049,7.52169,0.12209,7759045,243.13
10065,7.52191,0.12223,7759128,243.83
10081,7.52282,0.12149,7760853,243.05
10097,7.52313,0.12180,7760866,243.79
10113,7.52277,0.12155,7760738,243.84
10129,7.52179,0.12062,7760689,244.07
10145,7.52189,0.12033,7761091,243.39
10161,7.52228,0.12007,7761781,242.78
10177,7.52171,0.11992,7761343,243.52
10193,7.52191,0.11966,7761817,243.51
10209,7.52192,0.12066,7760788,243.60
10225,7.52210,0.11926,7762439,243.32
10241,7.52190,0.12130,7760090,244.01
10257,7.52193,0.12092,7760525,245.32
10273,7.52164,0.12185,7759243,244.64
10289,7.52187,0.12163,7759717,244.70
10305,7.52167,0.12293,7758136,243.90
10321,7.52139,0.12250,7758303,243.26
10337,7.51961,0.12301,7755893,245.33
10353,7.51912,0.12208,7756362,244.74
10369,7.51857,0.12306,7754752,245.77
10385,7.51879,0.12207,7756025,245.86
10401,7.51826,0.12267,7754837,245.38
10417,7.51833,0.12344,7754109,246.55
10433,7.51791,0.12222,7754943,247.77
10449,7.51761,0.12069,7756228,247.93
10465,7.51738,0.11983,7756896,247.21
10481,7.51694,0.12147,7754721,247.74
10497,7.51621,0.12063,7754833,247.16
10513,7.51622,0.12053,7754952,246.37
10529,7.51566,0.12081,7754060,245.94
10545,7.51503,0.12277,7751344,245.41
10561,7.51577,0.12340,7751458,244.89
10577,7.51533,0.12146,7753039,245.18
10593,7.51446,0.12074,7752877,245.36
10609,7.51510,0.12057,7753722,245.43
10625,7.51449,0.12164,7751969,244.96
10641,7.51442,0.12275,7750726,243.94
10657,7.51405,0.12255,7750544,245.08
10673,7.51343,0.12291,7749517,245.74
10689,7.51232,0.12162,7749713,246.57
10705,7.51206,0.12138,7749689,246.88
10721,7.51140,0.12042,7750005,246.33
10737,7.51185,0.11995,7750964,246.43
10753,7.51140,0.11947,7750997,246.36
10769,7.51183,0.12132,7749510,246.21
10785,7.51254,0.11966,7751995,247.35
10801,7.51215,0.12099,7750193,248.75
10817,7.51164,0.11922,7751511,250.92
10833,7.51079,0.11896,7750895,251.07
10849,7.51081,0.11876,7751123,249.18
10865,7.51047,0.11799,7751578,248.59
10881,7.51057,0.11760,7752096,247.60
10897,7.50925,0.11837,7749896,247.40
10913,7.50943,0.11799,7750483,248.01
10929,7.50899,0.11776,7750269,248.03
10945,7.50940,0.11701,7751483,247.87
10961,7.51049,0.11718,7752444,247.42
10977,7.50909,0.11827,7749839,246.33
10993,7.50936,0.11545,7753076,245.87
11009,7.50905,0.11655,7751595,246.80
11025,7.50782,0.11550,7751410,246.08
11041,7.50700,0.11464,7751449,246.00
11057,7.50658,0.11687,7748672,244.64
11073,7.50717,0.11556,7750669,243.84
11089,7.50711,0.11564,7750517,243.12
11105,7.50726,0.11466,7751706,243.21
11121,7.50676,0.11428,7751581,242.99
11137,7.50751,0.11372,7752955,242.05
11153,7.50721,0.11221,7754224,240.84
11169,7.50788,0.11335,7753730,240.32
11185,7.50787,0.11190,7755243,239.13
11201,7.50799,0.11252,7754713,238.51
11217,7.50851,0.10961,7758312,239.10
11233,7.50877,0.11003,7758142,238.43
11249,7.50969,0.10765,7761601,238.12
11265,7.51034,0.10829,7761610,238.14
11281,7.51106,0.11015,7760416,239.50
11297,7.51132,0.11092,7759881,239.33
11313,7.51121,0.11095,7759730,238.40
11329,7.51095,0.11050,7759934,237.05
11345,7.51058,0.11197,7758002,237.56
11361,7.51109,0.11238,7758107,238.00
11377,7.51112,0.11372,7756735,238.20
11393,7.51143,0.11422,7756536,238.00
11409,7.51136,0.11240,7758372,238.73
11425,7.51065,0.11294,7757061,238.83
11441,7.51090,0.11180,7758519,238.55
11457,7.51171,0.11237,7758769,237.84
11473,7.51189,0.11184,7759515,237.85
11489,7.51230,0.11103,7760790,236.28
11505,7.51296,0.11267,7759767,236.38
11521,7.51315,0.11316,7759452,235.95
11537,7.51333,0.11355,7759231,236.42
11553,7.51452,0.11508,7758879,236.38
11569,7.51479,0.11521,7759028,235.10
11585,7.51557,0.11447,7760612,235.42
11601,7.51586,0.11539,7759954,235.79
11617,7.51481,0.11418,7760114,235.52
11633,7.51495,0.11383,7760636,234.89
11649,7.51479,0.11338,7760940,233.49
11665,7.51540,0.11394,7760993,234.06
11681,7.51566,0.11232,7762966,235.78
11697,7.51520,0.11331,7761451,235.21
11713,7.51582,0.11410,7761258,236.11
11729,7.51590,0.11416,7761293,235.30
11745,7.51469,0.11357,7760632,235.23
11761,7.51521,0.11324,7761523,235.46
11777,7.51562,0.11308,7762132,235.97
11793,7.51518,0.11256,7762213,235.81
11809,7.51560,0.11194,7763292,235.37
11825,7.51588,0.11266,7762830,234.97
11841,7.51619,0.11237,7763469,235.40
11857,7.51480,0.11116,7763283,234.72
11873,7.51384,0.11348,7759845,235.52
11889,7.51381,0.11328,7760027,236.04
11905,7.51322,0.11331,7759363,235.80
11921,7.51236,0.11549,7756184,235.74
11937,7.51257,0.11517,7756733,235.74
11953,7.51317,0.11477,7757793,235.74
11969,7.51387,0.11655,7756653,235.79
11985,7.51458,0.11652,7757431,236.81
12001,7.51460,0.11679,7757165,235.68
12017,7.51517,0.11795,7756544,236.24
12033,7.51681,0.11690,7759369,236.52
12049,7.51764,0.11803,7759049,235.65
12065,7.51730,0.11962,7757032,234.24
12081,7.51743,0.11916,7757643,235.00
12097,7.51745,0.11917,7757655,233.74
12113,7.51692,0.12035,7755865,234.73
12129,7.51632,0.12085,7754718,234.42
12145,7.51629,0.12070,7754844,235.50
12161,7.51673,0.12033,7755688,236.12
12177,7.51689,0.12138,7754751,237.05
12193,7.51707,0.12221,7754070,236.73
12209,7.51649,0.12072,7755029,236.70
12225,7.51578,0.12124,7753741,237.98
12241,7.51556,0.12157,7753162,238.68
12257,7.51576,0.12275,7752131,238.42
12273,7.51589,0.12431,7750633,238.50
12289,7.51542,0.12367,7750806,238.33
12305,7.51516,0.12554,7748577,238.59
12321,7.51492,0.12721,7746583,238.68
12337,7.51596,0.12718,7747699,240.04
12353,7.51635,0.12772,7747543,240.07
12369,7.51625,0.12769,7747467,239.95
12385,7.51639,0.12714,7748195,238.57
12401,7.51625,0.12643,7748792,239.17
12417,7.51747,0.12524,7751315,238.52
12433,7.51717,0.12474,7751516,238.65
12449,7.51711,0.12653,7749580,238.08
12465,7.51657,0.12470,7750946,237.67
12481,7.51670,0.12424,7751551,237.67
12497,7.51572,0.12522,7749495,236.64
12513,7.51567,0.12577,7748871,235.85
12529,7.51460,0.12638,7747107,235.86
12545,7.51447,0.12663,7746716,236.51
12561,7.51395,0.12758,7745170,237.09
12577,7.51434,0.12889,7744200,236.59
12593,7.51448,0.12588,7747502,235.27
12609,7.51399,0.12796,7744813,235.39
12625,7.51444,0.12890,7744295,235.42
12641,7.51378,0.12816,7744383,235.97
12657,7.51398,0.12813,7744623,235.83
12673,7.51458,0.12898,7744370,235.29
12689,7.51499,0.12893,7744854,236.84
12705,7.51489,0.12846,7745231,237.30
12721,7.51581,0.12766,7747035,236.99
12737,7.51623,0.12645,7748745,236.02
12753,7.51546,0.12755,7746790,236.08
12769,7.51534,0.12818,7746003,235.44
12785,7.51561,0.12822,7746236,235.25
12801,7.51616,0.12827,7746767,234.58
12817,7.51640,0.12793,7747372,235.43
12833,7.51665,0.12884,7746683,234.94
12849,7.51651,0.12791,7747509,235.51
12865,7.51537,0.12758,7746656,234.85
12881,7.51628,0.12908,7746034,234.99
12897,7.51565,0.12932,7745131,234.28
12913,7.51501,0.13058,7743144,233.92
12929,7.51395,0.13067,7741924,234.61
12945,7.51428,0.13149,7741414,234.47
12961,7.51372,0.13088,7741470,234.21
12977,7.51356,0.13025,7741958,233.77
12993,7.51348,0.13272,7739285,234.34
13009,7.51365,0.13215,7740068,235.59
13025,7.51374,0.13287,7739401,234.81
13041,7.51390,0.13073,7741815,234.62
13057,7.51400,0.13226,7740308,234.98
13073,7.51269,0.13040,7740889,235.05
13089,7.51231,0.13104,7739824,234.51
13105,7.51334,0.13036,7741617,234.87
13121,7.51281,0.13039,7741025,236.25
13137,7.51240,0.12987,7741151,236.59
13153,7.51072,0.13032,7738909,236.32
13169,7.51003,0.12909,7739477,236.63
13185,7.51090,0.12856,7740946,238.06
13201,7.51081,0.12846,7740956,238.12
13217,7.51097,0.12732,7742319,238.18
13233,7.51181,0.12674,7743801,239.17
13249,7.51249,0.12681,7744449,239.45
13265,7.51121,0.12655,7743374,239.30
13281,7.51034,0.12856,7740363,239.57
13297,7.50984,0.12825,7740162,239.15
13313,7.51030,0.12931,7739532,240.19
13329,7.51055,0.13032,7738731,239.95
13345,7.51058,0.12826,7740929,239.40
13361,7.51113,0.12671,7743124,239.01
13377,7.51029,0.12628,7742690,239.00
13393,7.51041,0.12675,7742321,238.22
13409,7.51043,0.12824,7740794,237.83
13425,7.51015,0.12615,7742685,237.44
13441,7.50954,0.12271,7745651,236.57
13457,7.50865,0.12578,7741501,236.98
13473,7.50942,0.12691,7741117,236.33
13489,7.50969,0.12627,7742074,235.53
13505,7.51004,0.12673,7741962,236.17
13521,7.50971,0.12642,7741937,236.67
13537,7.50915,0.12738,7740352,235.52
13553,7.50905,0.12642,7741256,235.61
13569,7.50907,0.12720,7740459,236.07
13585,7.50928,0.12765,7740205,236.78
13601,7.51007,0.12679,7741930,237.68
13617,7.51046,0.12734,7741770,238.17
13633,7.51016,0.12722,7741571,237.55
13649,7.51061,0.12773,7741508,237.29
13665,7.50992,0.12868,7739787,238.34
13681,7.50881,0.12752,7739850,236.08
13697,7.50883,0.12861,7738718,236.16
13713,7.50908,0.12735,7740308,237.03
13729,7.50921,0.12777,7739997,236.63
13745,7.50912,0.12767,7740016,236.95
13761,7.50907,0.12841,7739180,237.37
13777,7.50862,0.12795,7739198,237.00
13793,7.50898,0.12920,7738261,237.78
13809,7.50900,0.13038,7737038,238.61
13825,7.50948,0.12854,7739483,239.42
13841,7.50920,0.13005,7737594,239.92
13857,7.50844,0.13081,7735996,238.91
13873,7.50801,0.13082,7735550,239.75
13889,7.50866,0.12836,7738804,238.96
13905,7.50908,0.12882,7738761,238.83
13921,7.50785,0.12784,7738502,239.62
13937,7.50827,0.12968,7737012,239.69
13953,7.50913,0.12785,7739832,239.78
13969,7.50948,0.12837,7739657,238.68
13985,7.51046,0.12865,7740391,237.61
14001,7.51125,0.12916,7740687,238.15
14017,7.51090,0.13000,7739442,237.71
14033,7.51134,0.12908,7740853,235.76
14049,7.51085,0.12987,7739518,236.14
14065,7.51092,0.12929,7740200,236.62
14081,7.51094,0.13058,7738877,235.65
14097,7.51162,0.12976,7740445,235.17
14113,7.51161,0.12920,7741020,235.03
14129,7.51152,0.12991,7740186,235.21
14145,7.51163,0.12962,7740601,234.93
14161,7.51087,0.13039,7738995,234.05
14177,7.50996,0.12886,7739644,233.64
14193,7.50939,0.12796,7739992,233.55
14209,7.50943,0.12889,7739064,233.34
14225,7.51026,0.12894,7739873,233.22
14241,7.51018,0.12951,7739200,232.98
14257,7.51056,0.12846,7740693,232.47
14273,7.50990,0.12738,7741134,232.78
14289,7.51077,0.12481,7744737,233.30
14305,7.51136,0.12592,7744200,232.71
14321,7.51183,0.12550,7745136,233.27
14337,7.51201,0.12639,7744385,232.46
14353,7.51233,0.12613,7744989,232.63
14369,7.51239,0.12685,7744293,233.10
14385,7.51317,0.12535,7746693,233.11
14401,7.51322,0.12470,7747421,232.99
14417,7.51391,0.12526,7747566,232.16
14433,7.51431,0.12528,7747955,232.26
14449,7.51441,0.12773,7745497,232.96
14465,7.51420,0.12927,7743662,233.35
14481,7.51428,0.12965,7743345,232.45
14497,7.51451,0.12791,7745404,232.40
14513,7.51424,0.12900,7743985,232.39
14529,7.51398,0.12876,7743971,232.86
14545,7.51364,0.13118,7741072,230.91
14561,7.51335,0.12925,7742780,230.96
14577,7.51336,0.13013,7741878,230.49
14593,7.51367,0.13111,7741176,230.73
14609,7.51385,0.13220,7740221,230.29
14625,7.51435,0.13155,7741423,230.31
14641,7.51410,0.13187,7740831,230.23
14657,7.51422,0.13285,7739935,230.84
14673,7.51417,0.13358,7739110,230.37
14689,7.51339,0.13500,7736795,231.01
14705,7.51343,0.13569,7736124,230.98
14721,7.51332,0.13763,7733973,231.60
14737,7.51360,0.13732,7734595,231.98
14753,7.51322,0.13619,7735375,231.87
14769,7.51297,0.13636,7734935,233.20
14785,7.51301,0.13781,7733458,234.04
14801,7.51258,0.13695,7733910,233.97
14817,7.51216,0.13944,7730854,233.74
14833,7.51017,0.13965,7728558,233.62
14849,7.51033,0.13818,7730257,233.98
14865,7.51008,0.13872,7729431,232.03
14881,7.50988,0.13886,7729077,233.44
14897,7.51015,0.13972,7728463,233.62
14913,7.50999,0.13927,7728765,232.91
14929,7.51042,0.13809,7730450,234.11
14945,7.51006,0.13723,7730967,234.94
14961,7.51063,0.13609,7732769,235.11
14977,7.50986,0.13726,7730727,235.09
14993,7.50987,0.13740,7730590,236.09
15009,7.51001,0.13813,7729968,235.60
15025,7.50966,0.13724,7730542,234.91
15041,7.50931,0.13743,7729978,235.00
15057,7.50957,0.13887,7728744,236.49
15073,7.50976,0.13849,7729338,237.17
15089,7.51002,0.13789,7730241,237.00
15105,7.51062,0.13865,7730065,237.06
15121,7.50994,0.13881,7729192,235.12
15137,7.51020,0.13635,7732043,236.52
15153,7.51029,0.13717,7731273,237.37
15169,7.51023,0.13557,7732896,238.17
15185,7.51067,0.13538,7733542,239.15
15201,7.51016,0.13676,7731572,239.34
15217,7.51042,0.13610,7732533,237.43
15233,7.51082,0.13463,7734501,237.87
15249,7.51034,0.13770,7730771,237.03
15265,7.50999,0.13785,7730255,236.91
15281,7.50998,0.13686,7731285,236.49
15297,7.51015,0.13692,7731391,236.15
15313,7.50984,0.13566,7732386,235.64
15329,7.50966,0.13561,7732251,235.00
15345,7.50941,0.13724,7730285,234.51
15361,7.51007,0.13579,7732493,233.49
15377,7.50932,0.13711,7730329,232.94
15393,7.50890,0.13655,7730472,234.22
15409,7.50822,0.13762,7728631,235.65
15425,7.50682,0.13728,7727524,235.33
15441,7.50772,0.13808,7727625,235.22
15457,7.50727,0.13642,7728891,235.54
15473,7.50774,0.13554,7730306,235.24
15489,7.50740,0.13555,7729946,234.44
15505,7.50819,0.13526,7731081,233.91
15521,7.50764,0.13403,7731787,234.69
15537,7.50763,0.13424,7731557,233.94
15553,7.50760,0.13433,7731436,234.80
15569,7.50721,0.13416,7731205,234.78
15585,7.50670,0.13426,7730557,235.90
15601,7.50684,0.13530,7729615,236.65
15617,7.50583,0.13483,7729057,238.15
15633,7.50556,0.13506,7728534,238.11
15649,7.50433,0.13660,7725629,238.75
15665,7.50407,0.13711,7724816,239.18
15681,7.50365,0.13582,7725730,238.50
15697,7.50312,0.13585,7725141,238.33
15713,7.50241,0.13880,7721302,237.52
15729,7.50221,0.13869,7721210,237.43
15745,7.50238,0.13871,7721370,238.75
15761,7.50269,0.13959,7720772,238.49
15777,7.50353,0.13870,7722586,239.08
15793,7.50316,0.14011,7720715,239.93
15809,7.50374,0.14014,7721295,240.17
15825,7.50414,0.13904,7722869,240.14
15841,7.50417,0.14116,7720666,240.76
15857,7.50436,0.14101,7721027,241.15
15873,7.50531,0.14199,7721008,240.84
15889,7.50494,0.14067,7722000,241.31
15905,7.50483,0.14374,7718666,241.80
15921,7.50546,0.14880,7714017,242.12
15937,7.50517,0.15357,7708710,242.85
15953,7.50446,0.16146,7699692,245.33
15969,7.50366,0.16700,7693040,246.03
15985,7.50323,0.17323,7686061,247.83
16001,7.50355,0.17880,7680560,248.71
16017,7.50282,0.17974,7678812,249.86
16033,7.50340,0.18445,7674479,251.63
16049,7.50195,0.19508,7661812,254.39
16065,7.50001,0.20719,7647082,258.35
16081,7.49766,0.21388,7637597,261.36
16097,7.49718,0.21703,7633788,262.81
16113,7.49642,0.24120,7607658,266.57
16129,7.49621,0.27405,7572982,269.99
16145,7.49436,0.31637,7526660,273.91
16161,7.48772,0.36963,7463854,278.99
16177,7.47263,0.46581,7347187,284.13
16193,7.43675,0.65226,7114048,292.59
16209,7.35223,0.93563,6728284,305.52
16225,7.18765,1.36475,6105761,320.01
16241,6.89445,1.82814,5312413,343.23
16257,6.49870,2.24763,4457570,360.89
16273,6.07779,2.57416,3673821,384.22
16289,5.74311,2.77800,3109147,401.29
16305,5.55128,2.84214,2840733,409.95
16321,5.45005,2.83478,2742305,403.49
16337,5.40764,2.81081,2722970,388.84
16353,5.38791,2.80492,2708462,381.46
16369,5.38551,2.82702,2682769,385.06
